Concentration,Class Number
Accounting,30000
Accounting,30005
Accounting,30001
Accounting,30116
Accounting,30118
Accounting,30120
Accounting,30121
Accounting,30122
Accounting,30130
Accounting,30131
Accounting,30132
Accounting,30133
Accounting,30135
Accounting,30830
Accounting,30831
Accounting,30835
Accounting,30840
Applied Artificial Intelligence,30135
Applied Artificial Intelligence,32210
Applied Artificial Intelligence,32810
Applied Artificial Intelligence,35137
Applied Artificial Intelligence,43100
Applied Artificial Intelligence,32200
Applied Artificial Intelligence,43110
Applied Artificial Intelligence,43120
Applied Artificial Intelligence,43130
Applied Artificial Intelligence,43800
Applied Artificial Intelligence,43950
Behavioral Science,31403
Behavioral Science,31702
Behavioral Science,38001
Behavioral Science,38002
Behavioral Science,38003
Behavioral Science,38101
Behavioral Science,38102
Behavioral Science,38103
Behavioral Science,38105
Behavioral Science,38107
Behavioral Science,38115
Behavioral Science,38116
Behavioral Science,38118
Behavioral Science,38119
Behavioral Science,38120
Behavioral Science,38122
Behavioral Science,38123
Behavioral Science,38126
Behavioral Science,38820
Behavioral Science,38821
Behavioral Science,38825
Behavioral Science,38870
Behavioral Science,38865
Behavioral Science,38886
Behavioral Science,39002
Business Analytics,41215
Business Analytics,41201
Business Analytics,41204
Business Analytics,36106
Business Analytics,36109
Business Analytics,32100
Business Analytics,32120
Business Analytics,32130
Business Analytics,32810
Business Analytics,35126
Business Analytics,35137
Business Analytics,37103
Business Analytics,37105
Business Analytics,37107
Business Analytics,37202
Business Analytics,37802
Business Analytics,40108
Business Analytics,40206
Business Analytics,40205
Business Analytics,40721
Business Analytics,41202
Business Analytics,41203
Business Analytics,41301
Business Analytics,41305
Business Analytics,43100
Business Analytics,32200
Business Analytics,41814
Business Society and Sustainability,30133
Business Society and Sustainability,31425
Business Society and Sustainability,33251
Business Society and Sustainability,33250
Business Society and Sustainability,33305
Business Society and Sustainability,33471
Business Society and Sustainability,34113
Business Society and Sustainability,34115
Business Society and Sustainability,34117
Business Society and Sustainability,35225
Business Society and Sustainability,37212
Business Society and Sustainability,38115
Business Society and Sustainability,38119
Business Society and Sustainability,38122
Business Society and Sustainability,38128
Business Society and Sustainability,42129
Business Society and Sustainability,42136
Business Society and Sustainability,42125
Business Society and Sustainability,42708
Business Society and Sustainability,42710
Business Society and Sustainability,42711
Business Society and Sustainability,42712
Business Society and Sustainability,43130
Econometrics and Statistics,41000
Econometrics and Statistics,41100
Econometrics and Statistics,41202
Econometrics and Statistics,41203
Econometrics and Statistics,41204
Econometrics and Statistics,41206
Econometrics and Statistics,41813
Econometrics and Statistics,41207
Econometrics and Statistics,41215
Econometrics and Statistics,41201
Econometrics and Statistics,41301
Econometrics and Statistics,41305
Econometrics and Statistics,41814
Econometrics and Statistics,41901
Econometrics and Statistics,41902
Econometrics and Statistics,41903
Econometrics and Statistics,41910
Economics,33032
Economics,33050
Economics,33040
Economics,33101
Economics,33112
Economics,33230
Economics,33251
Economics,33250
Economics,33301
Economics,33305
Economics,33320
Economics,33350
Economics,33401
Economics,33403
Economics,33454
Economics,33501
Economics,33502
Economics,33503
Economics,33520
Economics,33882
Economics,38120
Economics,42001
Economics,42116
Economics,42135
Entrepreneurship,30118
Entrepreneurship,30121
Entrepreneurship,31401
Entrepreneurship,31402
Entrepreneurship,31403
Entrepreneurship,34101
Entrepreneurship,34102
Entrepreneurship,34103
Entrepreneurship,34104
Entrepreneurship,34106
Entrepreneurship,34108
Entrepreneurship,34111
Entrepreneurship,34113
Entrepreneurship,34115
Entrepreneurship,34117
Entrepreneurship,34205
Entrepreneurship,34206
Entrepreneurship,34208
Entrepreneurship,34210
Entrepreneurship,34211
Entrepreneurship,34214
Entrepreneurship,34215
Entrepreneurship,34219
Entrepreneurship,34220
Entrepreneurship,34302
Entrepreneurship,34305
Entrepreneurship,34308
Entrepreneurship,34702
Entrepreneurship,34704
Entrepreneurship,34705
Entrepreneurship,34709
Entrepreneurship,34715
Entrepreneurship,34815
Entrepreneurship,34816
Entrepreneurship,34820
Entrepreneurship,34825
Entrepreneurship,34826
Entrepreneurship,34880
Entrepreneurship,34882
Entrepreneurship,34887
Entrepreneurship,35123
Entrepreneurship,35213
Entrepreneurship,35823
Entrepreneurship,36110
Entrepreneurship,37201
Entrepreneurship,37200
Entrepreneurship,37301
Entrepreneurship,37703
Entrepreneurship,39101
Entrepreneurship,40110
Entrepreneurship,41206
Entrepreneurship,41813
Entrepreneurship,41301
Entrepreneurship,41305
Entrepreneurship,42705
Entrepreneurship,42711
Entrepreneurship,42820
Entrepreneurship,42830
Entrepreneurship,43120
Entrepreneurship,43225
International Business,30131
International Business,33501
International Business,33502
International Business,33503
International Business,33520
International Business,35210
International Business,35213
International Business,35219
Marketing Management,37000
Marketing Management,37110
Marketing Management,37101
Marketing Management,37103
Marketing Management,37105
Marketing Management,37107
Marketing Management,37200
Marketing Management,37201
Marketing Management,37202
Marketing Management,37208
Marketing Management,37209
Marketing Management,37212
Marketing Management,37215
Marketing Management,37301
Marketing Management,37703
Marketing Management,37810
Marketing Management,37816
Marketing Management,37820
Marketing Management,37882
Marketing Management,37902
Marketing Management,41301
Marketing Management,41305
Operations Management,36106
Operations Management,36109
Operations Management,40000
Operations Management,40101
Operations Management,40108
Operations Management,40110
Operations Management,40111
Operations Management,40206
Operations Management,40205
Operations Management,40721
Operations Management,40812
Strategic Management,32200
Strategic Management,33230
Strategic Management,33503
Strategic Management,34102
Strategic Management,34103
Strategic Management,34106
Strategic Management,34108
Strategic Management,34117
Strategic Management,34220
Strategic Management,34816
Strategic Management,37201
Strategic Management,37200
Strategic Management,39001
Strategic Management,39101
Strategic Management,42001
Strategic Management,42108
Strategic Management,42116
Strategic Management,42119
Strategic Management,42121
Strategic Management,42133
Strategic Management,42123
Strategic Management,42124
Strategic Management,42126
Strategic Management,42127
Strategic Management,42135
Strategic Management,42136
Strategic Management,42125
Strategic Management,42705
Strategic Management,42708
Strategic Management,42709
Strategic Management,42710
Strategic Management,42711
Strategic Management,42715
Strategic Management,42726
Strategic Management,42813
Strategic Management,42819
Strategic Management,42820
Strategic Management,42830
Finance,34901
Finance,34902
Finance,35000
Finance,35100
Finance,35101
Finance,35120
Finance,35121
Finance,35126
Finance,35130
Finance,35132
Finance,35901
Finance,35908
Finance,34101
Finance,34903
Finance,34904
Finance,34905
Finance,34906
Finance,35200
Finance,35201
Finance,35202
Finance,35210
Finance,35213
Finance,35214
Finance,35215
Finance,30130
Finance,30131
Finance,35118
Finance,35123
Finance,35131
Finance,35136
Finance,35135
Finance,35137
Finance,35139
Finance,35141
Finance,35144
Finance,35124
Finance,35146
Finance,35145
Finance,35150
Finance,35155
Finance,35207
Finance,35218
Finance,35219
Finance,35222
Finance,35220
Finance,35225
Finance,35817
Finance,35823
Finance,35824
Finance,35830
Finance,35889
Finance,35907
Finance,35916
Finance,41203
Analytic Finance,34101
Analytic Finance,34901
Analytic Finance,34902
Analytic Finance,34903
Analytic Finance,34904
Analytic Finance,34905
Analytic Finance,34906
Analytic Finance,35100
Analytic Finance,35118
Analytic Finance,35120
Analytic Finance,35121
Analytic Finance,35123
Analytic Finance,35126
Analytic Finance,35130
Analytic Finance,35136
Analytic Finance,35137
Analytic Finance,35139
Analytic Finance,35141
Analytic Finance,35150
Analytic Finance,35155
Analytic Finance,35200
Analytic Finance,35201
Analytic Finance,35202
Analytic Finance,35207
Analytic Finance,35210
Analytic Finance,35213
Analytic Finance,35214
Analytic Finance,35215
Analytic Finance,35218
Analytic Finance,35219
Analytic Finance,35901
Analytic Finance,35907
Analytic Finance,35908
Analytic Finance,35916
Analytic Finance,41203
Healthcare,33350
Healthcare,40206
Healthcare,40205
Healthcare,33351
Healthcare,33352
Healthcare,33353
Healthcare,34205
Healthcare,34210
Healthcare,35118
Healthcare,42300
Healthcare,42310
Healthcare,34104
Healthcare,34115
Healthcare,34702
Healthcare,34705
Healthcare,34709
Healthcare,35817
Healthcare,37201
Healthcare,37703
Healthcare,40721
Healthcare,42709
Healthcare,42710
International Business,30131
International Business,33501
International Business,33502
International Business,33503
International Business,33520
International Business,35210
International Business,35213
International Business,35219